Operatore,ID impianto,Tipo,Ubicazione,Prov,Lat.,Long.,Alt.,Ch.,Freq.C,Prog/Bouquet,ERP Max,
"""LASER MEDIA SOCIETA' COOPERATIVA""",CNF146010,FM  (S),PIAZZA UMBERTO I - PISTICCI,MT,40N2323,16E3328,383,,"99,1",CITY RADIO,"H: --
V: 32 dBW",0.0
"""LASER MEDIA SOCIETA' COOPERATIVA""",CNF146021,FM  (S),MONTE COPPOLO - VALSINNI,MT,40N0848,16E2829,787,,"99,3",CITY RADIO,"H: --
V: 18 dBW",0.0
"""LASER MEDIA SOCIETA' COOPERATIVA""",CNF146026,FM  (S),LA SERRA - STIGLIANO,MT,40N2352,16E1352,892,,94,CITY RADIO,"H: --
V: 11 dBW",0.0
"""LASER MEDIA SOCIETA' COOPERATIVA""",CNF146027,FM  (S),SERRA VERDE - CIRIGLIANO,MT,40N2550,16E0950,1030,,"88,5",CITY RADIO,"H: --
V: 16 dBW",0.0
"""LASER MEDIA SOCIETA' COOPERATIVA""",CNF146031,FM  (S),RIONE DELLE VIGNE - TRICARICO,MT,40N3656,16E0759,809,,"98,9",CITY RADIO,"H: --
V: 16 dBW",0.0
"""LASER MEDIA SOCIETA' COOPERATIVA""",CNF146037,FM  (S),PIAZZA UMBERTO I - PISTICCI,MT,40N2323,16E3328,383,,"101,2",RADIO LASER,"H: --
V: 32 dBW",0.0
"""LASER MEDIA SOCIETA' COOPERATIVA""",CNF146040,FM  (S),MURGIA TRASANO - MATERA,MT,40N4002,16E3822,480,,"92,4",RADIO LASER,"H: --
V: 29 dBW",0.0
"""LASER MEDIA SOCIETA' COOPERATIVA""",CNF146049,FM  (S),MONTE SANT'ARCANGELO - COLOBRARO,MT,40N1342,16E2203,858,,"92,2",RADIO LASER,"H: --
V: 26 dBW",0.0
3LETTRONICA INDUSTRIALE S.P.A.,CNF134620,TD,C.DA MANFERRARA - POMARICO,MT,40N3209,16E2959,468,37,602,LA3TV,"H: --
V: 31 dBW",602.0
A.C.R.C. - ASSOCIAZIONE CULTURALE RADIOFONICA COMUNITARIA,CNF151687,FM  (S),Contrada Murgia Trasano - Matera,MT,40N4001,16E3822,470,,"103,4",Radiofreccia,"H: --
V: 39 dBW",0.0
A.C.R.C. - ASSOCIAZIONE CULTURALE RADIOFONICA COMUNITARIA,CNF158167,FM  (S),Contrada Serra delle Vigne - Tricarico,MT,40N3718,16E0720,809,,"96,5",Radiofreccia,"H: --
V: 37 dBW",0.0
ALTAFREQUENZA S.P.A. IN LIQUIDAZIONE,CNF134367,TD,Contrada Colabarile - MIGLIONICO,MT,40N3337,16E2835,448,27,522,BLU TV,"H: --
V: 37 dBW",522.0
ASSEMBLEE DI DIO IN ITALIA,CNF147049,FM  (S),MURGIA TRASANO - MATERA,MT,40N4002,16E3822,472,,"98,3",RADIO EVANGELO MATERA,"H: --
V: --",0.0
"ASSOCIAZIONE ""CANALE 2 """,CNF134786,TD,Colabarile - MIGLIONICO,MT,40N3338,16E2834,465,53,730,CANALE 2 TV,"H: --
V: 24 dBW",730.0
ASSOCIAZIONE CANALE 10 RADIO TV,CNF146792,FM  (S),TEMPONE SULLA - NOVA SIRI,MT,40N0902,16E3206,400,,"95,8",TELERADIO COSENZA (già RADIO LUNA G.S.),"H: --
V: --",0.0
ASSOCIAZIONE CANALE 10 RADIO TV,CNF146798,FM  (S),SERRA CORTINA - COLOBRARO,MT,40N1140,16E2527,767,,"106,3",TELERADIO COSENZA (già RADIO LUNA G.S.),"H: --
V: --",0.0
ASSOCIAZIONE CULTURALE MEETING,CNF140536,FM  (S),SERRA DELLE VIGNE - TRICARICO,MT,40N3655,16E0855,767,,"89,5",RADIOSA MUSIC,"H: --
V: 33 dBW",0.0
ASSOCIAZIONE CULTURALE MEETING,CNF140539,FM  (S),MURGIA TRASANO - MATERA,MT,40N4002,16E3822,480,,"98,5",RADIOSA MUSIC,"H: --
V: --",0.0
ASSOCIAZIONE CULTURALE MEETING,CNF140540,FM  (S),MASSERIA CAMPANARO - MONTESCAGLIOSO,MT,40N2551,16E3819,211,,"102,1",RADIOSA MUSIC,"H: --
V: 33 dBW",0.0
ASSOCIAZIONE CULTURALE MEETING,CNF140546,FM  (S),ZONA IND. LA MARTELLA - MATERA,MT,40N4103,16E3241,240,,"94,5",RADIOSA MUSIC,"H: --
V: 16 dBW",0.0
ASSOCIAZIONE CULTURALE MEETING,CNF140547,FM  (S),CONTRADA COLABARILE - MIGLIONICO,MT,40N3338,16E2834,470,,"94,5",RADIOSA MUSIC,"H: --
V: 16 dBW",0.0
ASSOCIAZIONE CULTURALE MEETING,CNF140548,FM  (S),MATTATOIO - PISTICCI,MT,40N2337,16E2834,342,,"96,5",RADIOSA MUSIC,"H: --
V: 19 dBW",0.0
ASSOCIAZIONE CULTURALE MEETING,CNF140549,FM  (S),MASSERIA ARTUSO - MONTESCAGLIOSO,MT,40N3103,16E4203,169,,"104,8",RADIOSA MUSIC,"H: --
V: 15 dBW",0.0
ASSOCIAZIONE CULTURALE MEETING,CNF140550,FM  (S),CONTRADA POLMO - NOVA SIRI,MT,40N0946,16E3235,314,,"105,8",RADIOSA MUSIC,"H: --
V: 21 dBW",0.0
ASSOCIAZIONE CULTURALE MEETING,CNF140556,FM  (S),CONTRADA SERRA - GARAGUSO,MT,40N3332,16E1339,545,,"98,5",RADIOSA MUSIC,"H: --
V: 14 dBW",0.0
ASSOCIAZIONE CULTURALE MEETING,CNF140558,FM  (S),SERBATOIO ACQUEDOTTO - GROTTOLE,MT,40N3631,16E2125,500,,"105,9",RADIOSA MUSIC,"H: --
V: --",0.0
ASSOCIAZIONE CULTURALE MUSIC & MELODY,CNF146119,FM  (S),CONTRADA POLMO - NOVA SIRI,MT,40N0946,16E3235,340,,"101,9",RADIO RG STUDIO,"H: --
V: 33 dBW",0.0
ASSOCIAZIONE MISSIONE DELL'IMMACOLATA,CNF146889,FM  (M),LOC. MURGIA TRASANO - MATERA,MT,40N4002,16E3822,480,,"103,6",TELE RADIO BUON CONSIGLIO,"H: --
V: 34 dBW",0.0
ASSOCIAZIONE RADIO MARIA APS,CNF150041,FM  (M),POMARICO SERRE - POMARICO,MT,40N3209,16E2958,465,,"107,7",RADIO MARIA,"H: --
V: 38 dBW",0.0
ASSOCIAZIONE RADIO MARIA APS,CNF150049,FM  (M),LOC. MURGIA TRASANO - MATERA,MT,40N4002,16E3822,472,,"95,1",RADIO MARIA,"H: --
V: 36 dBW",0.0
ASSOCIAZIONE RADIO MARIA APS,CNF150050,FM  (M),RIONE DELLE VIGNE - TRICARICO,MT,40N3656,16E0810,752,,103,RADIO MARIA,"H: --
V: 32 dBW",0.0
ASSOCIAZIONE RADIO MARIA APS,CNF150051,FM  (M),CONTRADA CAMPANARO - MONTESCAGLIOSO,MT,40N2551,16E3819,221,,103,RADIO MARIA,"H: --
V: 32 dBW",0.0
ASSOCIAZIONE RADIO MARIA APS,CNF150052,FM  (M),LOCALITA' PIANA DELL'OSTE - MIGLIONICO,MT,40N3337,16E2825,470,,"102,9",RADIO MARIA,"H: --
V: 34 dBW",0.0
ASSOCIAZIONE RADIO MARIA APS,CNF150063,FM  (M),CONTRADA SAN ROCCO - TURSI,MT,40N1451,16E2742,293,,104,RADIO MARIA,"H: --
V: 30 dBW",0.0
ASSOCIAZIONE RADIO MARIA APS,CNF150080,FM  (M),MADONNA DEL BERGAMO - GORGOGLIONE,MT,40N2238,16E0936,957,,"98,8",RADIO MARIA,"H: --
V: 32 dBW",0.0
ASSOCIAZIONE RADIO MARIA APS,CNF150107,FM  (M),CONTRADA GIANSILVIA - NOVA SIRI,MT,40N0926,16E3206,410,,"97,1",RADIO MARIA,"H: --
V: 40 dBW",0.0
ASSOCIAZIONE RADIO MARIA APS,CNF150115,FM  (M),CONTRADA PARDO - COLOBRARO,MT,40N1139,16E2530,722,,"107,7",RADIO MARIA,"H: --
V: 35 dBW",0.0
AZZURRA - SOCIETA' COOPERATIVA,CNF144375,FM  (S),SERRA CORTINA - COLOBRARO,MT,40N1140,16E2527,767,,"93,5",RADIO AZZURRA,"H: --
V: --",0.0
AZZURRA - SOCIETA' COOPERATIVA,CNF144567,FM  (S),SERRA CORTINA - COLOBRARO,MT,40N1139,16E2530,800,,"87,6",RADIO AZZURRA,"H: --
V: --",0.0
AZZURRA - SOCIETA' COOPERATIVA,CNF144569,FM  (S),SERRA DELLE VIGNE - TRICARICO,MT,40N3656,16E0809,768,,"94,8",RADIO AZZURRA,"H: --
V: --",0.0
AZZURRA - SOCIETA' COOPERATIVA,CNF144570,FM  (S),SERRA DELLE VIGNE - TRICARICO,MT,40N3656,16E0809,768,,"98,7",RADIO AZZURRA,"H: --
V: --",0.0
AZZURRA - SOCIETA' COOPERATIVA,CNF144917,FM  (S),TRASANO MURGIA - MATERA,MT,40N3958,16E3818,458,,"102,1",RADIO AZZURRA,"H: --
V: --",0.0
AZZURRA - SOCIETA' COOPERATIVA,CNF145680,FM  (S),SERRA DI CROCE - STIGLIANO,MT,40N1430,16E2232,544,,"91,35",RADIO AZZURRA,"H: --
V: --",0.0
AZZURRA FM SOCIETA' COOPERATIVA A R.L.,CNF143031,FM  (S),SERRA DELLE VIGNE - TRICARICO,MT,40N3656,16E0810,770,,"98,1",RADIO BALLA BALLA,"H: --
V: --",0.0
AZZURRA FM SOCIETA' COOPERATIVA A R.L.,CNF143033,FM  (S),SERRA DELLE VIGNE - TRICARICO,MT,40N3656,16E0810,770,,"99,6",RADIO BALLA BALLA,"H: --
V: 30 dBW",0.0
AZZURRA FM SOCIETA' COOPERATIVA A R.L.,CNF143036,FM  (S),VIA MADONNA DELLE GRAZIE - MONTESCAGLIOSO,MT,40N3328,16E3958,366,,"89,4",RADIO BALLA BALLA,"H: --
V: --",0.0
AZZURRA FM SOCIETA' COOPERATIVA A R.L.,CNF143043,FM  (S),SERRA DELLE VIGNE - TRICARICO,MT,40N3656,16E0809,768,,"99,3",RADIO BALLA BALLA,"H: --
V: --",0.0
AZZURRA FM SOCIETA' COOPERATIVA A R.L.,CNF143045,FM  (S),SERRA DELLE VIGNE - TRICARICO,MT,40N3656,16E0809,768,,98,RADIO BALLA BALLA,"H: --
V: --",0.0
BIERRE DUE S.R.L. SEMPLIFICATA,CNF141480,FM  (S),LOCALITA' SERRA DI CROCE - STIGLIANO,MT,40N0031,16E2128,425,,"93,5",BIERRE 2,"H: --
V: 35 dBW",0.0
CAIRO NETWORK S.R.L.,CNF138576,TD,C.DA MANFERRARA - POMARICO,MT,40N3209,16E2959,468,25,506,CAIRO DUE,"H: --
V: 31 dBW",506.0
CAIRO NETWORK S.R.L.,CNF139230,TD,VIA STIGLIANO - STRADA PROVINCIALE FERRANDINA-STIG - FERRANDINA,MT,40N2957,16E2653,480,25,506,CAIRO DUE,"H: 3 dBW
V: --",506.0
CAIRO NETWORK S.R.L.,CNF139325,TD,C.DA S.ROCCO - TURSI,MT,40N1451,16E2749,290,25,506,CAIRO DUE,"H: --
V: 8 dBW",506.0
CANALE ITALIA S.R.L.,CNF139999,TD,Miglionico - MIGLIONICO,MT,40N3254,16E2945,470,28,530,MUX Canale Italia,"H: --
V: 29 dBW",530.0
CANALE ITALIA S.R.L.,CNF140000,TD,Trasano - MATERA,MT,40N4002,16E3822,470,28,530,MUX Canale Italia,"H: --
V: 33 dBW",530.0
"CENTRO DI PRODUZIONE SOCIETA' PER AZIONI O, NELLA FORMA ABBREVIATA, ""CENTRO 
DI PRODUZIONE - S.P.A.""",CNF145826,FM  (M),Contrada Murgecchia - Matera,MT,40N4036,16E3713,420,,"91,3",RADIO RADICALE ORGANO LISTA MARCO PANNELLA,"H: --
V: --",0.0
"CENTRO DI PRODUZIONE SOCIETA' PER AZIONI O, NELLA FORMA ABBREVIATA, ""CENTRO 
DI PRODUZIONE - S.P.A.""",CNF145827,FM  (M),Località Colabarile - Miglionico,MT,40N3337,16E2834,470,,"107,3",RADIO RADICALE ORGANO LISTA MARCO PANNELLA,"H: --
V: --",0.0
CN MEDIA S.R.L.,CNF159105,FM  (S),CONTRADA POLMO - NOVA SIRI,MT,40N0942,16E3231,314,,"100,3",RADIO KISS KISS,"H: --
V: 25 dBW",0.0
COMUNICARE - SOCIETA' COOPERATIVA,CNF141625,FM  (S),COLOBRARO - COLOBRARO,MT,40N1142,16E2533,752,,"94,3",RADIO COLOR,"H: --
V: --",0.0
COMUNICARE - SOCIETA' COOPERATIVA,CNF141629,FM  (S),VIA PIETRO NENNI - STIGLIANO,MT,40N2400,16E1408,827,,"103,5",RADIO STUDIO GAMMA,"H: --
V: --",0.0
COMUNICARE - SOCIETA' COOPERATIVA,CNF141632,FM  (S),VIA UGO FOSCOLO 19 - STIGLIANO,MT,40N2410,16E1338,908,,"96,2",RADIO STUDIO GAMMA,"H: --
V: --",0.0
DELTA TV S.R.L.,CNF135349,TD,C.da Colabarile - MIGLIONICO,MT,40N3335,16E2834,465,22,482,DELTA TV,"H: --
V: 20 dBW",482.0
DELTA TV S.R.L.,CNF135350,TD,MURGECCHIA - MATERA,MT,40N4033,16E3712,420,22,482,DELTA TV,"H: --
V: 21 dBW",482.0
DOLCEMEDIA S.R.L.,CNF142698,FM  (S),SERRA CORTINA - COLOBRARO,MT,40N1140,16E2527,767,,"94,7",RADIO LATTE E MIELE,"H: --
V: --",0.0
ELEMEDIA S.P.A.,CNF141779,FM  (S),LOCALITA' TRASANO - MATERA,MT,40N4002,16E3822,480,,"90,3",m2o,"H: --
V: 31 dBW",0.0
ELEMEDIA S.P.A.,CNF141815,FM  (S),LOCALITA' TRASANO - MATERA,MT,40N4002,16E3822,480,,"100,2",RADIO CAPITAL,"H: --
V: 40 dBW",0.0
ELEMEDIA S.P.A.,CNF141847,FM  (S),SERRA DELLA VIGNA - TRICARICO,MT,40N3656,16E0810,754,,"95,4",RADIO DEEJAY,"H: --
V: 33 dBW",0.0
ELEMEDIA S.P.A.,CNF141851,FM  (S),PIANA DELL OSTE - MIGLIONICO,MT,40N3338,16E2835,460,,"89,35",RADIO DEEJAY,"H: --
V: 34 dBW",0.0
ELEMEDIA S.P.A.,CNF141861,FM  (S),LOCALITA' TRASANO - MATERA,MT,40N4002,16E3822,480,,"89,7",RADIO DEEJAY,"H: --
V: 36 dBW",0.0
ELETTRONICA INDUSTRIALE SPA,CNF115126,TD,C.DA S.ROCCO - TURSI,MT,40N1451,16E2749,290,49,698,MEDIASET 4,"H: --
V: 8 dBW",698.0
ELETTRONICA INDUSTRIALE SPA,CNF115130,TD,CDA PERGAMO - GORGOGLIONE,MT,40N2239,16E0938,950,49,698,MEDIASET 4,"H: --
V: 4 dBW",698.0
ELETTRONICA INDUSTRIALE SPA,CNF115133,TD,CDA S. NICOLA - ACCETTURA,MT,40N3058,16E0814,822,49,698,MEDIASET 4,"H: --
V: 19 dBW",698.0
ELETTRONICA INDUSTRIALE SPA,CNF115136,TD,C.DA MANFERRARA - POMARICO,MT,40N3209,16E2959,468,49,698,MEDIASET 4,"H: --
V: 30 dBW",698.0
ELETTRONICA INDUSTRIALE SPA,CNF115138,TD,C.DA MANFERRARA - POMARICO,MT,40N3209,16E2959,468,52,722,MEDIASET 1,"H: --
V: 30 dBW",722.0
ELETTRONICA INDUSTRIALE SPA,CNF115140,TD,C.DA MANFERRARA - POMARICO,MT,40N3209,16E2959,468,36,594,MEDIASET 2,"H: --
V: 30 dBW",594.0
ELETTRONICA INDUSTRIALE SPA,CNF115151,TD,LOC. TEMPA DELL'ARMA - COLOBRARO,MT,40N1058,16E2528,465,49,698,MEDIASET 4,"H: --
V: 11 dBW",698.0
ELETTRONICA INDUSTRIALE SPA,CNF115179,TD,VIA STIGLIANO - STRADA PROVINCIALE FERRANDINA-STIG - FERRANDINA,MT,40N2957,16E2653,480,49,698,MEDIASET 4,"H: 5 dBW
V: --",698.0
ELETTRONICA INDUSTRIALE SPA,CNF115180,TD,VIA STIGLIANO - STRADA PROVINCIALE FERRANDINA-STIG - FERRANDINA,MT,40N2957,16E2653,480,52,722,MEDIASET 1,"H: 5 dBW
V: --",722.0
ELETTRONICA INDUSTRIALE SPA,CNF120770,TD,C.DA MANFERRARA - POMARICO,MT,40N3209,16E2959,468,56,754,MEDIASET 5,"H: --
V: 31 dBW",754.0
ELETTRONICA INDUSTRIALE SPA,CNF122293,TD,C.DA MANFERRARA - POMARICO,MT,40N3209,16E2959,468,38,610,MEDIASET 3,"H: --
V: 30 dBW",610.0
ELETTRONICA INDUSTRIALE SPA,CNF132902,TD,VIA STIGLIANO - STRADA PROVINCIALE FERRANDINA-STIG - FERRANDINA,MT,40N2957,16E2653,480,36,594,MEDIASET 2,"H: 4 dBW
V: --",594.0
ELETTRONICA INDUSTRIALE SPA,CNF132931,TD,VIA STIGLIANO - STRADA PROVINCIALE FERRANDINA-STIG - FERRANDINA,MT,40N2957,16E2653,480,56,754,MEDIASET 5,"H: 5 dBW
V: --",754.0
ELETTRONICA INDUSTRIALE SPA,CNF135528,TD,VIA STIGLIANO - STRADA PROVINCIALE FERRANDINA-STIG - FERRANDINA,MT,40N2957,16E2653,480,38,610,MEDIASET 3,"H: 4 dBW
V: --",610.0
ELETTRONICA INDUSTRIALE SPA,CNF136240,TD,C.DA S.ROCCO - TURSI,MT,40N1451,16E2749,290,52,722,MEDIASET 1,"H: --
V: 8 dBW",722.0
ELETTRONICA INDUSTRIALE SPA,CNF136256,TD,C.DA S.ROCCO - TURSI,MT,40N1451,16E2749,290,36,594,MEDIASET 2,"H: --
V: 8 dBW",594.0
ELETTRONICA INDUSTRIALE SPA,CNF136293,TD,C.DA S.ROCCO - TURSI,MT,40N1451,16E2749,290,56,754,MEDIASET 5,"H: --
V: 8 dBW",754.0
ELETTRONICA INDUSTRIALE SPA,CNF136345,TD,C.DA S.ROCCO - TURSI,MT,40N1451,16E2749,290,38,610,MEDIASET 3,"H: --
V: 8 dBW",610.0
EMME DUE - S.R.L.,CNF142718,FM  (S),MURGIA TRASANO - MATERA,MT,40N4002,16E3822,480,,"100,8",RADIO CARINA,"H: --
V: 36 dBW",0.0
EMME DUE - S.R.L.,CNF142768,FM  (S),LOCALITA' SERRA DELLE VIGNE - TRICARICO,MT,40N3715,16E0720,809,,"98,5",RADIO CARINA,"H: --
V: 16 dBW",0.0
EMME DUE - S.R.L.,CNF142770,FM  (S),LOCALITA' MASSERIA CAMPANARO - MONTESCAGLIOSO,MT,40N2551,16E3819,191,,"97,5",RADIO CARINA,"H: --
V: 33 dBW",0.0
EMME DUE - S.R.L.,CNF142787,FM  (S),SERBATOIO ACQUEDOTTO - GROTTOLE,MT,40N3620,16E2249,477,,"89,1",RADIO CARINA,"H: --
V: 14 dBW",0.0
EMME DUE - S.R.L.,CNF142789,FM  (S),CONTRADA COLABARILE - MIGLIONICO,MT,40N3338,16E2834,470,,100,RADIO CARINA,"H: --
V: 15 dBW",0.0
EMME DUE - S.R.L.,CNF142792,FM  (S),MASSERIA ARTUSO - MONTESCAGLIOSO,MT,40N3103,16E4203,169,,"106,3",RADIO CARINA,"H: --
V: 15 dBW",0.0
EMME DUE - S.R.L.,CNF142794,FM  (S),CONTRADA POLMO - NOVA SIRI,MT,40N0921,16E3208,448,,"97,5",RADIO CARINA Solo Musica Napoletana,"H: --
V: 21 dBW",0.0
EMME DUE - S.R.L.,CNF142804,FM  (S),CONTRADA POLMO - NOVA SIRI,MT,40N0946,16E3235,339,,"106,2",RADIO CARINA,"H: --
V: 31 dBW",0.0
EMME DUE - S.R.L.,CNF142818,FM  (S),MURGIA TRASANO - MATERA,MT,40N4002,16E3822,480,,100,RADIO CARINA Solo Musica Napoletana,"H: --
V: 15 dBW",0.0
EMME DUE - S.R.L.,CNF142820,FM  (S),GARAGUSO - GARAGUSO,MT,40N3332,16E1339,545,,102,RADIO CARINA Solo Musica Napoletana,"H: --
V: 14 dBW",0.0
FESTULA 2000 DEI F.LLI PETRUCCIO LUIGI & VENANZIO - S.N.C.,CNF145022,FM  (S),Località MURGECCHIA - MATERA,MT,40N4036,16E3712,419,,"100,5",RADIO FANTASTICA già RADIO TOUR BASILICATA,"H: --
V: 39 dBW",0.0
FESTULA 2000 DEI F.LLI PETRUCCIO LUIGI & VENANZIO - S.N.C.,CNF145080,FM  (S),Contrada Pardo - COLOBRARO,MT,40N1139,16E2530,737,,"90,9",RADIO FANTASTICA già RADIO TOUR BASILICATA,"H: --
V: 36 dBW",0.0
G.P.M. COMMUNICATION SOCIETA' COOPERATIVA,CNF146112,FM  (S),VIA BRESCIA 25 - POLICORO,MT,40N1233,16E4029,25,,"98,28",POLIRADIO,"H: --
V: --",0.0
G.P.M. COMMUNICATION SOCIETA' COOPERATIVA,CNF146115,FM  (S),CONTRADA GIANSILVIO ZONA FORESTA - NOVA SIRI,MT,40N0935,16E3148,438,,"94,1",CANALE 94 STEREO,"H: --
V: 35 dBW",0.0
GENETIKO COMMUNICATION SPA,CNF145000,FM  (S),LOC. CALVARIO - Colobraro,MT,40N1139,16E2530,737,,"91,5",RADIONORBA,"H: --
V: 39 dBW",0.0
GENETIKO COMMUNICATION SPA,CNF145006,FM  (S),MADONNA DEL PERGAMO - Gorgoglione,MT,40N2238,16E0936,957,,"102,2",RADIONORBA,"H: --
V: 32 dBW",0.0
GENETIKO COMMUNICATION SPA,CNF145015,FM  (S),CONTR. TEMPA ROSSA MURGETTA - Matera,MT,40N4035,16E3712,419,,"90,6",RADIONORBA,"H: --
V: 36 dBW",0.0
GENETIKO COMMUNICATION SPA,CNF145028,FM  (S),CONTRADA MANFERRARA - Pomarico,MT,40N3208,16E2959,471,,"103,9",RADIONORBA,"H: --
V: 42 dBW",0.0
GENETIKO COMMUNICATION SPA,CNF145056,FM  (S),MASSERIA SAN VALENTINO - Tricarico,MT,40N3646,16E0856,745,,"106,8",RADIONORBA,"H: --
V: 29 dBW",0.0
GENETIKO COMMUNICATION SPA,CNF145057,FM  (S),CONTRADA SAN ROCCO - Tursi,MT,40N1451,16E2745,293,,"98,6",RADIONORBA,"H: --
V: 30 dBW",0.0
GLOBALSOLUTIONS S.R.L.,CNF159618,FM  (S),CONTRADA MADONNA DEL POLEGGIO - MONTALBANO JONICO,MT,40N1905,16E3333,291,,"104,3",STEREO 5,"H: --
V: --",0.0
IL SOLE 24 ORE S.P.A.,CNF143199,FM  (M),LOC. TRASANO - MATERA,MT,40N4001,16E3821,480,,"101,8",RADIO 24 IL SOLE 24 ORE,"H: --
V: 33 dBW",0.0
MEDIA S.R.L.S.,CNF140542,FM  (S),MADONNA DELLE GRAZIE - MONTESCAGLIOSO,MT,40N3328,16E3958,366,,"89,4",RADIO EVA,"H: --
V: 24 dBW",0.0
MEDIA S.R.L.S.,CNF143822,FM  (S),LOC. MURGIA TRASANO - MATERA,MT,40N4002,16E3822,480,,"88,9",RADIO POTENZA CENTRALE,"H: --
V: --",0.0
MEDIA S.R.L.S.,CNF143823,FM  (S),CONTRADA POLMO NOVA SIRI - NOVA SIRI,MT,40N0943,16E3236,326,,"104,4",RADIO POTENZA CENTRALE,"H: --
V: --",0.0
MEDIA S.R.L.S.,CNF143824,FM  (S),LOC. SERRA DELLE VIGNE - TRICARICO,MT,40N3655,16E0810,767,,"106,4",RADIO POTENZA CENTRALE,"H: --
V: 32 dBW",0.0
MEDIATELECOM SOCIETA' COOPERATIVA,CNF141299,FM  (S),SERRA DI CROCE - STIGLIANO,MT,40N1430,16E2232,544,,"91,35",NEW GENERATION,"H: --
V: --",0.0
MONRADIO S.R.L.,CNF151306,FM  (S),CONTRADA LA MURGECCHIA - MATERA,MT,40N4050,16E3638,419,,"96,8",RADIO R101,"H: --
V: --",0.0
MONRADIO S.R.L.,CNF151310,FM  (S),C.DA SERRE DELLE VIGNE - TRICARICO,MT,40N3715,16E0720,809,,"96,9",RADIO R101,"H: --
V: 17 dBW",0.0
MONRADIO S.R.L.,CNF151462,FM  (S),PIANA DELL'OSTE - MIGLIONICO,MT,40N3337,16E2835,462,,"105,7",RADIO R101,"H: --
V: --",0.0
MULTIMEDIA S.R.L.,CNF142354,FM  (S),SANTA MARIA - TRICARICO,MT,40N3656,16E0809,768,,"97,6",RADIO LATTE E MIELE,"H: --
V: --",0.0
MULTIMEDIA S.R.L.,CNF142356,FM  (S),VIA SANTA MARIA - TRICARICO,MT,40N3656,16E0809,768,,"89,5",RADIO LATTE E MIELE,"H: --
V: --",0.0
MULTIMEDIA S.R.L.,CNF142357,FM  (S),SERRA CORTINA - COLOBRARO,MT,40N1140,16E2527,767,,"103,5",RADIO LATTE E MIELE,"H: --
V: --",0.0
MULTIMEDIA S.R.L.,CNF145604,FM  (S),SERRA DELLE VIGNE - TRICARICO,MT,40N3656,16E0810,770,,"107,9",RADIO LATTE E MIELE,"H: --
V: --",0.0
MULTIMEDIA S.R.L.,CNF145606,FM  (S),SERRA DELLE VIGNE - TRICARICO,MT,40N3656,16E0810,770,,"96,3",RADIO LATTE E MIELE,"H: --
V: --",0.0
PERSIDERA S.P.A.,CNF101850,TD,MURGECCHIA - MATERA,MT,40N4031,16E3714,420,47,682,TIMB1,"H: --
V: 23 dBW",682.0
PERSIDERA S.P.A.,CNF124369,TD,POMARICO TELECOM - POMARICO,MT,40N3149,16E3032,473,47,682,TIMB1,"H: --
V: 29 dBW",682.0
PERSIDERA S.P.A.,CNF132101,TD,GARAGUSO-RAI - OLIVETO LUCANO,MT,40N3117,16E1241,709,47,682,TIMB1,"H: --
V: 24 dBW",682.0
PERSIDERA S.P.A.,CNF132147,TD,GARAGUSO-RAI - OLIVETO LUCANO,MT,40N3117,16E1241,709,48,690,TIMB3,"H: --
V: 24 dBW",690.0
PERSIDERA S.P.A.,CNF132151,TD,POMARICO TELECOM - POMARICO,MT,40N3149,16E3032,473,48,690,TIMB3,"H: --
V: 29 dBW",690.0
PERSIDERA S.P.A.,CNF132177,TD,MURGECCHIA - MATERA,MT,40N4031,16E3714,420,48,690,TIMB3,"H: --
V: 23 dBW",690.0
PERSIDERA S.P.A.,CNF132182,TD,MURGECCHIA - MATERA,MT,40N4031,16E3714,420,55,746,TIMB2,"H: --
V: 24 dBW",746.0
PERSIDERA S.P.A.,CNF132192,TD,POMARICO TELECOM - POMARICO,MT,40N3149,16E3032,473,55,746,TIMB2,"H: --
V: 29 dBW",746.0
PERSIDERA S.P.A.,CNF132196,TD,GARAGUSO-RAI - OLIVETO LUCANO,MT,40N3117,16E1241,709,55,746,TIMB2,"H: --
V: 24 dBW",746.0
PERSIDERA S.P.A.,CNF137410,TD,POMARICO-TELECOM - POMARICO,MT,40N3149,16E3032,473,44,658,RETE A - 1,"H: --
V: 29 dBW",658.0
PERSIDERA S.P.A.,CNF137430,TD,POMARICO-TELECOM - POMARICO,MT,40N3149,16E3032,473,42,642,RETE A - 2,"H: --
V: 29 dBW",642.0
PERSIDERA S.P.A.,CNF157817,TD,MURGECCHIA - MATERA,MT,40N4031,16E3714,420,44,658,RETE A - 1,"H: --
V: 16 dBW",658.0
PREMIATA DITTA BORGHINI & STOCCHETTI DI TORINO S.R.L.,CNF105914,TD,CONTRADA PIANA DELL'OSTE - MIGLIONICO,MT,40N3422,16E3032,461,57,762,B&S,"H: 33 dBW
V: --",762.0
PRIMA TV - S.P.A.,CNF124749,TD,C.DA MANFERRARA - POMARICO,MT,40N3209,16E2959,468,50,706,DFree,"H: --
V: 29 dBW",706.0
PRIMA TV - S.P.A.,CNF159590,TD,VIA STIGLIANO - STRADA PROVINCIALE FERRANDINA-STIG - FERRANDINA,MT,40N2957,16E2653,480,50,706,DFree,"H: 5 dBW
V: --",706.0
PRIMA TV - S.P.A.,CNF159597,TD,C.DA S.ROCCO - TURSI,MT,40N1451,16E2749,290,50,706,DFree,"H: --
V: 8 dBW",706.0
PUBLI MEDIA ITALIA - S.R.L.,CNF146081,FM  (S),MURGIA TRASANO - MATERA,MT,40N3955,16E3825,460,,105,RADIO 5 BASILICATA,"H: --
V: 29 dBW",0.0
PUBLI MEDIA ITALIA - S.R.L.,CNF147950,FM  (S),CONTRADA POLMO - NOVA SIRI,MT,40N0900,16E3229,392,,"89,1",RADIO 5 BASILICATA,"H: --
V: 37 dBW",0.0
R M C ITALIA S.P.A.,CNF146735,FM  (S),C.DA GIANSILVIA - NOVA SIRI,MT,40N0926,16E3206,410,,"107,2",RADIO MONTE CARLO,"H: --
V: 37 dBW",0.0
R M C ITALIA S.P.A.,CNF151074,FM  (S),VIA GIOLITTI 11/17 - MATERA,MT,40N4019,16E3623,367,,"87,5",RADIO MONTE CARLO,"H: --
V: --",0.0
R M C ITALIA S.P.A.,CNF151079,FM  (S),LOCALITA' POMARICO VECCHIO C/O MASSERIA DIVELLA - POMARICO,MT,40N2850,16E3321,460,,"91,8",RADIO MONTE CARLO,"H: --
V: --",0.0
R. SUD AUDIO - S.R.L.,CNF146620,FM  (S),GRASSANO - GRASSANO,MT,40N3808,16E1722,530,,"97,2",RETE SUD AUDIO,"H: --
V: 36 dBW",0.0
RADIO ACTIVITY S.R.L.,CNF147826,FM  (S),VIA PAOLO BORSELLINO 1 - GRASSANO,MT,40N3758,16E1653,490,,"97,8",RADIO ACTIVITY,"H: --
V: --",0.0
RADIO ACTIVITY S.R.L.,CNF147835,FM  (S),MONTAGNOLA - SALANDRA,MT,40N3323,16E1949,600,,"97,2",RADIO ACTIVITY,"H: --
V: 34 dBW",0.0
RADIO AMORE SOCIETA' COOPERATIVA A R.L.,CNF143523,FM  (S),SERRA CORTINA - COLOBRARO,MT,40N1140,16E2527,767,,"99,7",RADIO AMORE,"H: --
V: --",0.0
RADIO AMORE SOCIETA' COOPERATIVA A R.L.,CNF143532,FM  (S),SERRA CORTINA - COLOBRARO,MT,40N1140,16E2527,767,,98,RADIO AMORE,"H: --
V: --",0.0
RADIO AMORE SOCIETA' COOPERATIVA A R.L.,CNF144095,FM  (S),RIONE DELLE VIGNE - TRICARICO,MT,40N3656,16E0759,768,,"94,3",RADIO AMORE,"H: --
V: --",0.0
RADIO BALLA BALLA,CNF142440,FM  (S),SERRA CORTINA - COLOBRARO,MT,40N1140,16E2527,767,,"107,1",RADIO BALLA BALLA,"H: --
V: --",0.0
RADIO DIMENSIONE SUONO - SOCIETA' PER AZIONI,CNF148324,FM  (S),Trasano - Matera,MT,40N4001,16E3821,469,,"99,8",RDS,"H: --
V: 38 dBW",0.0
RADIO DIMENSIONE SUONO - SOCIETA' PER AZIONI,CNF148334,FM  (S),Colobraro - Colobraro,MT,40N1140,16E2529,725,,"103,3",RDS,"H: --
V: 30 dBW",0.0
RADIO DIMENSIONE SUONO - SOCIETA' PER AZIONI,CNF148347,FM  (S),Rione delle Vigne - Tricarico,MT,40N3656,16E0810,753,,"100,8",RDS,"H: --
V: 35 dBW",0.0
RADIO DIMENSIONE SUONO - SOCIETA' PER AZIONI,CNF148567,FM  (S),Contrada Serra - Pomarico,MT,40N3209,16E3001,472,,"87,6",RDS,"H: --
V: 30 dBW",0.0
RADIO DIMENSIONE SUONO - SOCIETA' PER AZIONI,CNF148603,FM  (S),Sant Arcangelo - Colobraro,MT,40N1348,16E2202,846,,"104,2",RDS,"H: --
V: 30 dBW",0.0
RADIO ITALIA ANNI 60 S.R.L.,CNF144150,FM  (S),SERRA CORTINA - COLOBRARO,MT,40N1139,16E2530,800,,101,RADIO AZZURRA,"H: --
V: --",0.0
RADIO ITALIA PUGLIA S.R.L.,CNF144767,FM  (S),MURGIA TRASANO - MATERA,MT,40N4002,16E3822,480,,"89,9",RADIO ITALIA ANNI 60,"H: --
V: 30 dBW",0.0
RADIO ITALIA S.P.A.,CNF145145,FM  (S),CONTRADA MIGLIONICO - MIGLIONICO,MT,40N3337,16E2834,470,,"104,3",RADIO ITALIA SOLO MUSICA ITALIANA,"H: --
V: 40 dBW",0.0
RADIO MARGHERITA S.A.S. DI CILLUFFO GIUSEPPA MARIA & C.,CNF140833,FM  (S),VIA PANDOSIA 15 - MONTALBANO JONICO,MT,40N1726,16E3349,280,,"96,3",RADIO MARGHERITA,"H: --
V: 33 dBW",0.0
RADIO PUGLIA S.R.L.,CNF148135,FM  (S),CONTRADA MURGIA - MATERA,MT,40N4002,16E3822,480,,"96,1",RADIO PUGLIA,"H: --
V: --",0.0
RADIO STUDIO 105 S.P.A.,CNF150394,FM  (S),LOC. MURGIA TRASANO - MATERA,MT,40N4002,16E3822,480,,"99,4",RADIO STUDIO 105 - RETE 105,"H: --
V: 28 dBW",0.0
RADIO STUDIO 105 S.P.A.,CNF150407,FM  (S),LOC. SERRE DI POMARICO - POMARICO,MT,40N3148,16E3100,465,,"101,5",RADIO STUDIO 105 - RETE 105,"H: --
V: 34 dBW",0.0
RADIO STUDIO 105 S.P.A.,CNF150408,FM  (S),CONTRADA PARDO - COLOBRARO,MT,40N1141,16E2530,710,,95,RADIO STUDIO 105 - RETE 105,"H: --
V: --",0.0
RAI WAY S.P.A.,CNF132652,TD,CAS.NA S.NICOLA - ACCETTURA,MT,40N3057,16E0814,828,6,"184,5",DVM1-PZ,"H: 15 dBW
V: --",184.5
RAI WAY S.P.A.,CNF132711,TD,SERRA CAVALLO - GARAGUSO,MT,40N3119,16E1241,756,29,538,DVM1-PZ,"H: --
V: 23 dBW",538.0
RAI WAY S.P.A.,CNF132718,TD,SERRA DI SABATO - GORGOGLIONE,MT,40N2311,16E0817,925,9,"205,5",DVM1-PZ,"H: --
V: 16 dBW",205.5
RAI WAY S.P.A.,CNF132740,TD,MADONNA DEL PERGAMO - GORGOGLIONE,MT,40N2239,16E0935,940,29,538,DVM1-PZ,"H: --
V: 18 dBW",538.0
RAI WAY S.P.A.,CNF132753,TD,CASA STAFFIERI - MATERA,MT,40N4031,16E3713,419,29,538,DVM1-PZ,"H: --
V: 25 dBW",538.0
RAI WAY S.P.A.,CNF132754,TD,CASA STAFFIERI - MATERA,MT,40N4031,16E3713,419,30,546,DVM2,"H: --
V: 25 dBW",546.0
RAI WAY S.P.A.,CNF132755,TD,CASA STAFFIERI - MATERA,MT,40N4031,16E3713,419,26,514,DVM3,"H: --
V: 25 dBW",514.0
RAI WAY S.P.A.,CNF132756,TD,CASA STAFFIERI - MATERA,MT,40N4031,16E3713,419,40,626,DVM4,"H: --
V: 26 dBW",626.0
RAI WAY S.P.A.,CNF132784,TD,LA PERTOSA - NOVA SIRI,MT,40N0923,16E3208,448,29,538,DVM1-PZ,"H: --
V: 34 dBW",538.0
RAI WAY S.P.A.,CNF132785,TD,OLIVETO LUCANO - OLIVETO LUCANO,MT,40N3211,16E1104,575,9,"205,5",DVM1-PZ,"H: --
V: 12 dBW",205.5
RAI WAY S.P.A.,CNF132799,TD,C.ZZO FRASCAROSSA - MONTALBANO JONICO,MT,40N2116,16E2946,100,9,"205,5",DVM1-PZ,"H: 12 dBW
V: --",205.5
RAI WAY S.P.A.,CNF132802,TD,SERB. SAN PIETRO - PISTICCI,MT,40N2210,16E3504,254,29,538,DVM1-PZ,"H: --
V: 20 dBW",538.0
RAI WAY S.P.A.,CNF132805,TD,C.DA INFORCATA - POMARICO,MT,40N3147,16E3031,475,9,"205,5",DVM1-PZ,"H: --
V: 25 dBW",205.5
RAI WAY S.P.A.,CNF132806,TD,C.DA INFORCATA - POMARICO,MT,40N3147,16E3031,475,30,546,DVM2,"H: --
V: 32 dBW",546.0
RAI WAY S.P.A.,CNF132807,TD,C.DA INFORCATA - POMARICO,MT,40N3147,16E3031,475,26,514,DVM3,"H: --
V: 32 dBW",514.0
RAI WAY S.P.A.,CNF132808,TD,C.DA INFORCATA - POMARICO,MT,40N3147,16E3031,475,40,626,DVM4,"H: --
V: 32 dBW",626.0
RAI WAY S.P.A.,CNF132835,TD,PIANO DI VIA - SALANDRA,MT,40N3219,16E2032,587,24,498,DVM1-PZ,"H: --
V: 19 dBW",498.0
RAI WAY S.P.A.,CNF132858,TD,S.ANGELO - SAN MAURO FORTE,MT,40N2831,16E1505,500,9,"205,5",DVM1-PZ,"H: 13 dBW
V: --",205.5
RAI WAY S.P.A.,CNF132877,TD,SERRA DELLE VIGNE - TRICARICO,MT,40N3717,16E0720,809,29,538,DVM1-PZ,"H: --
V: 19 dBW",538.0
RAI WAY S.P.A.,CNF132880,TD,TURSI - TURSI,MT,40N1454,16E2818,250,29,538,DVM1-PZ,"H: 16 dBW
V: --",538.0
RAI WAY S.P.A.,CNF132881,TD,S.ROCCO - TURSI,MT,40N1451,16E2746,295,29,538,DVM1-PZ,"H: --
V: 13 dBW",538.0
RAI WAY S.P.A.,CNF132883,TD,MASS.CAPO D'AURO - COLOBRARO,MT,40N1055,16E2529,457,9,"205,5",DVM1-PZ,"H: 13 dBW
V: --",205.5
RAI WAY S.P.A.,CNF153005,FM  (S),GARAGUSO - GARAGUSO,MT,40N3119,16E1241,750,,"93,3",MF01,"H: 27 dBW
V: 27 dBW",0.0
RAI WAY S.P.A.,CNF153008,FM  (S),TRICARICO - TRICARICO,MT,40N3717,16E0720,809,,"90,5",MF01,"H: 31 dBW
V: 31 dBW",0.0
RAI WAY S.P.A.,CNF153223,FM  (S),NOVA SIRI - NOVA SIRI,MT,40N0923,16E3208,448,,"89,6",MF01,"H: 39 dBW
V: 39 dBW",0.0
RAI WAY S.P.A.,CNF153338,FM  (S),TURSI S.ROCCO - TURSI,MT,40N1451,16E2746,295,,"94,3",MF01,"H: 22 dBW
V: 22 dBW",0.0
RAI WAY S.P.A.,CNF153339,FM  (S),GORGOGLIONE - GORGOGLIONE,MT,40N2311,16E0817,925,,"94,2",MF01,"H: 30 dBW
V: 30 dBW",0.0
RAI WAY S.P.A.,CNF153340,FM  (S),PESCHIERA DI CRACO - MONTALBANO JONICO,MT,40N2116,16E2946,125,,"89,9",MF01,"H: 23 dBW
V: 23 dBW",0.0
RAI WAY S.P.A.,CNF153341,FM  (S),POMARICO - POMARICO,MT,40N3147,16E3031,475,,"88,7",MF01,"H: 40 dBW
V: 40 dBW",0.0
RAI WAY S.P.A.,CNF153342,FM  (S),MATERA CASA STAFFIERI - MATERA,MT,40N4031,16E3713,419,,"91,5",MF01,"H: 27 dBW
V: 27 dBW",0.0
RAI WAY S.P.A.,CNF153675,FM  (S),VALSINNI - COLOBRARO,MT,40N1055,16E2529,457,,"92,4",MF01,"H: 23 dBW
V: 23 dBW",0.0
RAI WAY S.P.A.,CNF153883,FM  (S),GARAGUSO - GARAGUSO,MT,40N3119,16E1241,750,,98,MF02,"H: 27 dBW
V: 27 dBW",0.0
RAI WAY S.P.A.,CNF153940,FM  (S),TRICARICO - TRICARICO,MT,40N3717,16E0720,809,,"94,1",MF02,"H: 31 dBW
V: 31 dBW",0.0
RAI WAY S.P.A.,CNF153942,FM  (S),TURSI S.ROCCO - TURSI,MT,40N1451,16E2746,295,,"96,3",MF02,"H: 22 dBW
V: 22 dBW",0.0
RAI WAY S.P.A.,CNF153943,FM  (S),GORGOGLIONE - GORGOGLIONE,MT,40N2311,16E0817,925,,"96,3",MF02,"H: 30 dBW
V: 30 dBW",0.0
RAI WAY S.P.A.,CNF153944,FM  (S),MATERA CASA STAFFIERI - MATERA,MT,40N4031,16E3713,419,,94,MF02,"H: 27 dBW
V: 27 dBW",0.0
RAI WAY S.P.A.,CNF153945,FM  (S),PESCHIERA DI CRACO - MONTALBANO JONICO,MT,40N2116,16E2946,125,,95,MF02,"H: 23 dBW
V: 23 dBW",0.0
RAI WAY S.P.A.,CNF153946,FM  (S),POMARICO - POMARICO,MT,40N3147,16E3031,475,,"92,7",MF02,"H: 40 dBW
V: 40 dBW",0.0
RAI WAY S.P.A.,CNF154542,FM  (S),VALSINNI - COLOBRARO,MT,40N1055,16E2529,457,,"95,3",MF02,"H: 23 dBW
V: 23 dBW",0.0
RAI WAY S.P.A.,CNF154745,FM  (S),GARAGUSO - GARAGUSO,MT,40N3119,16E1241,750,,"99,9",MF03,"H: 27 dBW
V: 27 dBW",0.0
RAI WAY S.P.A.,CNF154890,FM  (S),TRICARICO - TRICARICO,MT,40N3717,16E0720,809,,"98,2",MF03,"H: 31 dBW
V: 31 dBW",0.0
RAI WAY S.P.A.,CNF154891,FM  (S),TURSI S.ROCCO - TURSI,MT,40N1451,16E2746,295,,"98,3",MF03,"H: 22 dBW
V: 22 dBW",0.0
RAI WAY S.P.A.,CNF154892,FM  (S),PESCHIERA DI CRACO - MONTALBANO JONICO,MT,40N2116,16E2946,125,,"99,7",MF03,"H: 23 dBW
V: 23 dBW",0.0
RAI WAY S.P.A.,CNF154893,FM  (S),GORGOGLIONE - GORGOGLIONE,MT,40N2311,16E0817,925,,"98,2",MF03,"H: 30 dBW
V: 30 dBW",0.0
RAI WAY S.P.A.,CNF154926,FM  (S),MATERA CASA STAFFIERI - MATERA,MT,40N4031,16E3713,419,,"97,7",MF03,"H: 27 dBW
V: 27 dBW",0.0
RAI WAY S.P.A.,CNF154927,FM  (S),POMARICO - POMARICO,MT,40N3147,16E3031,475,,"95,7",MF03,"H: 40 dBW
V: 40 dBW",0.0
RAI WAY S.P.A.,CNF155470,FM  (S),VALSINNI - COLOBRARO,MT,40N1055,16E2529,457,,"98,3",MF03,"H: 23 dBW
V: 23 dBW",0.0
RAI WAY S.P.A.,CNF155732,FM  (M),MATERA CASA STAFFIERI - MATERA,MT,40N4031,16E3713,419,,"94,3",MFPM,"H: 27 dBW
V: 27 dBW",0.0
RAI WAY S.P.A.,CNF155836,FM  (M),TRICARICO - TRICARICO,MT,40N3717,16E0720,809,,"103,3",MFSA,"H: --
V: 33 dBW",0.0
RAI WAY S.P.A.,CNF155838,FM  (M),POMARICO - POMARICO,MT,40N3147,16E3031,475,,"103,3",MFSA,"H: --
V: 24 dBW",0.0
"RTL 102,500 HIT RADIO S.R.L.",CNF152043,FM  (S),MURGIA TRASANO - Matera,MT,40N3958,16E3818,480,,"102,6",RTL 102.500 Hit Radio,"H: --
V: 40 dBW",0.0
"RTL 102,500 HIT RADIO S.R.L.",CNF152323,FM  (S),Loc. Tempa dell'Arma - Colobraro,MT,40N1050,16E2450,470,,"105,3",RTL 102.500 Hit Radio,"H: --
V: --",0.0
"RTL 102,500 HIT RADIO S.R.L.",CNF152536,FM  (S),Contrada Piana dell'Oste - Miglionico,MT,40N3350,16E2918,460,,"103,4",RTL 102.500 Hit Radio,"H: --
V: --",0.0
SETTE GOLD S.R.L.,CNF105925,TD,MIGLIONICO - MIGLIONICO,MT,40N3335,16E2834,465,31,554,7 GOLD,"H: --
V: 36 dBW",554.0
SMS SOC.COOP.ARL,CNF144451,FM  (S),SERRA CORTINA - COLOBRARO,MT,40N1140,16E2527,767,,"100,3",RADIO ITALIA ANNI 60,"H: --
V: --",0.0
SMS SOC.COOP.ARL,CNF144785,FM  (S),SERRA CORTINA - COLOBRARO,MT,40N1140,16E2527,767,,"105,5",RADIO STELLA,"H: --
V: --",0.0
SMS SOC.COOP.ARL,CNF144786,FM  (S),SERRA CORTINA - COLOBRARO,MT,40N1140,16E2527,767,,"105,1",RADIO STELLA,"H: --
V: --",0.0
STELLA SRL,CNF143286,FM  (S),SERRA DELLE VIGNE - TRICARICO,MT,40N3656,16E0809,768,,"101,5",RADIO AZZURRA,"H: --
V: --",0.0
TELE BASILICATA MATERA S.R.L.,CNF128935,TD,Miglionico - MIGLIONICO,MT,40N3410,16E3008,460,43,650,TBM,"H: 28 dBW
V: --",650.0
TELE BASILICATA MATERA S.R.L.,CNF128940,TD,Bernalda - BERNALDA,MT,40N2450,16E4158,120,43,650,TBM,"H: 29 dBW
V: --",650.0
TELE BASILICATA MATERA S.R.L.,CNF128941,TD,Murgecchia - MATERA,MT,40N4050,16E3639,419,43,650,TBM,"H: 21 dBW
V: --",650.0
TELE DEHON S.R.L.,CNF158940,TD,C.DA MANFERRARA - POMARICO,MT,40N3209,16E2959,468,51,714,TELE DEHON,"H: --
V: 29 dBW",714.0
TELENORBA S.P.A.,CNF115122,TD,C.DA GALLIPOLI - ACCETTURA,MT,40N3059,16E0816,877,21,474,TN7 TELENORBA,"H: --
V: 14 dBW",474.0
TELENORBA S.P.A.,CNF115123,TD,C.DA MANFERRARA - POMARICO,MT,40N3208,16E2959,456,59,778,TN8 TELENORBA,"H: --
V: 27 dBW",778.0
TELENORBA S.P.A.,CNF115124,TD,C.DA MANFERRARA - POMARICO,MT,40N3208,16E2959,456,21,474,TN7 TELENORBA,"H: --
V: 30 dBW",474.0
TELENORBA S.P.A.,CNF115125,TD,C.DA MURGETTA - MATERA,MT,40N4036,16E3700,401,46,674,TG NORBA 24,"H: --
V: 21 dBW",674.0
TELENORBA S.P.A.,CNF115128,TD,C.DA SAN ROCCO - TURSI,MT,40N1451,16E2744,292,59,778,TN8 TELENORBA,"H: --
V: 20 dBW",778.0
TELENORBA S.P.A.,CNF115129,TD,C.DA SAN ROCCO - TURSI,MT,40N1451,16E2744,292,21,474,TN7 TELENORBA,"H: --
V: 17 dBW",474.0
TELENORBA S.P.A.,CNF115154,TD,MADONNA DEL PERGAMO - GORGOGLIONE,MT,40N2243,16E0938,935,59,778,TN8 TELENORBA,"H: 15 dBW
V: --",778.0
TELENORBA S.P.A.,CNF115155,TD,MADONNA DEL PERGAMO - GORGOGLIONE,MT,40N2243,16E0938,935,21,474,TN7 TELENORBA,"H: --
V: 14 dBW",474.0
TELENORBA S.P.A.,CNF115156,TD,LOCALITA' SAN VALENTINO - TRICARICO,MT,40N3645,16E0857,726,21,474,TN7 TELENORBA,"H: --
V: 17 dBW",474.0
TELENORBA S.P.A.,CNF115165,TD,LOCALITA' CALVARIO - COLOBRARO,MT,40N1139,16E2530,669,21,474,TN7 TELENORBA,"H: --
V: 27 dBW",474.0
TELENORBA S.P.A.,CNF122669,TD,CONTRADA MANFERRARA - POMARICO,MT,40N3208,16E2959,456,46,674,TG NORBA 24,"H: --
V: 24 dBW",674.0
TELENORBA S.P.A.,CNF134993,TD,LOC. CALVARIO - COLOBRARO,MT,40N1141,16E2528,724,59,778,TN8 TELENORBA,"H: 25 dBW
V: --",778.0
TELENORBA S.P.A.,CNF135003,TD,MATERA - MATERA,MT,40N4035,16E3700,401,59,778,TN8 TELENORBA,"H: --
V: 19 dBW",778.0
TELENORBA S.P.A.,CNF135048,TD,LOC. SAN VALENTINO - TRICARICO,MT,40N3644,16E0856,730,46,674,TG NORBA 24,"H: --
V: 14 dBW",674.0
TELENORBA S.P.A.,CNF135051,TD,CONTRADA GALLIPOLI - ACCETTURA,MT,40N3058,16E0813,818,46,674,TG NORBA 24,"H: 17 dBW
V: --",674.0
TELENORBA S.P.A.,CNF135054,TD,LOC. CALVARIO - COLOBRARO,MT,40N1141,16E2528,724,46,674,TG NORBA 24,"H: 17 dBW
V: --",674.0
TELENORBA S.P.A.,CNF135055,TD,MADONNA DEL PERGAMO - GORGOGLIONE,MT,40N2238,16E0937,943,46,674,TG NORBA 24,"H: 14 dBW
V: --",674.0
TELENORBA S.P.A.,CNF135065,TD,C.DA MURGETTA - MATERA,MT,40N4036,16E3700,401,21,474,TN7 TELENORBA,"H: --
V: 20 dBW",474.0
TELENORBA S.P.A.,CNF135595,TD,GARAGUSO - GARAGUSO,MT,40N3116,16E1238,750,46,674,TG NORBA 24,"H: 14 dBW
V: --",674.0
TELENORBA S.P.A.,CNF135609,TD,CIRIGLIANO - CIRIGLIANO,MT,40N2328,16E1018,646,46,674,TG NORBA 24,"H: 14 dBW
V: --",674.0
TELENORBA S.P.A.,CNF135618,TD,OLIVETO LUCANO - OLIVETO LUCANO,MT,40N3208,16E1103,555,46,674,TG NORBA 24,"H: 11 dBW
V: --",674.0
TELENORBA S.P.A.,CNF135622,TD,SAN MAURO FORTE - SAN MAURO FORTE,MT,40N3055,16E1457,662,46,674,TG NORBA 24,"H: 17 dBW
V: --",674.0
TELENORBA S.P.A.,CNF135632,TD,GARAGUSO - GARAGUSO,MT,40N3116,16E1238,750,21,474,TN7 TELENORBA,"H: 13 dBW
V: --",474.0
TELENORBA S.P.A.,CNF135645,TD,CIRIGLIANO - CIRIGLIANO,MT,40N2328,16E1018,646,21,474,TN7 TELENORBA,"H: 13 dBW
V: --",474.0
TELENORBA S.P.A.,CNF135655,TD,SAN MAURO FORTE - SAN MAURO FORTE,MT,40N3055,16E1457,662,21,474,TN7 TELENORBA,"H: 16 dBW
V: --",474.0
TELENORBA S.P.A.,CNF135672,TD,CIRIGLIANO - CIRIGLIANO,MT,40N2328,16E1018,646,59,778,TN8 TELENORBA,"H: 15 dBW
V: --",778.0
TELENORBA S.P.A.,CNF135676,TD,GARAGUSO - GARAGUSO,MT,40N3116,16E1238,750,59,778,TN8 TELENORBA,"H: 18 dBW
V: --",778.0
TELENORBA S.P.A.,CNF135697,TD,SAN MAURO FORTE - SAN MAURO FORTE,MT,40N3055,16E1457,662,59,778,TN8 TELENORBA,"H: 18 dBW
V: --",778.0
TELEREGIONE S.R.L.,CNF122661,TD,MATERA TRASANO - MATERA,MT,40N4002,16E3822,470,23,490,TELEREGIONE,"H: --
V: 43 dBW",490.0
TELEREGIONE S.R.L.,CNF157676,TD,Murgia Murgecchia V con nullo - MATERA,MT,40N4035,16E3711,419,23,490,TELEREGIONE,"H: --
V: 32 dBW",490.0
TRM NETWORK S.R.L.,CNF137880,TD,"Tursi 1 - C,da San Rocco - TURSI",MT,40N1453,16E2748,290,39,618,TRM Network,"H: 11 dBW
V: --",618.0
TRM NETWORK S.R.L.,CNF147874,FM  (S),VIA LUPO PROTOSPATA - IRSINA,MT,40N4430,16E1446,533,,96,TRM RADIOTELEVISIONE DEL MEZZOGIORNO,"H: --
V: --",0.0
VIDEOPUGLIA - S.R.L. IN LIQUIDAZIONE,CNF115164,TD,LOCALITA' CALVARIO - COLOBRARO,MT,40N1139,16E2530,669,33,570,T9 TELEPUGLIA,"H: --
V: 17 dBW",570.0
VIRGIN RADIO ITALY S.P.A.,CNF150588,FM  (S),CONTRADA COLABARILE - MIGLIONICO,MT,40N3337,16E3835,465,,"90,9",VIRGIN RADIO,"H: --
V: --",0.0
VIRGIN RADIO ITALY S.P.A.,CNF150709,FM  (S),MASSERIA CAMPANARO - MONTESCAGLIOSO,MT,40N2554,16E3822,176,,"97,9",VIRGIN RADIO,"H: --
V: --",0.0